Vehicle ID,Body type,Make,Model,Year,Trim,MSRP,Seats,Engine ID,Length (in),Width (in),Height (in),Wheelbase (in),Ground clearance (in),Cargo capacity (cu ft),Weight (lbs),Maximum payload (lbs),Front head room (in),Front hip room (in),Front leg room (in),Front shoulder room (in),Rear head room (in),Rear hip room (in),Rear leg room (in),Rear shoulder room (in),Fuel tank capacity (gal)
100447605,Truck (Regular Cab),Ford,F-150,2005,XL,25750,3,20,211.2,78.9,75.6,126,,,6385,1740,40.9,65.4,41.3,66.5,,,,,26
100447606,Truck (Regular Cab),Ford,F-150,2005,XL,26055,3,20,229.8,78.9,74,144.5,,,6535,1760,40.9,65.4,41.3,66.5,,,,,27
100447608,Truck (Regular Cab),Ford,F-150,2005,STX,26565,3,20,211.2,78.9,75.6,126,,,6385,1740,40.9,65.4,41.3,66.5,,,,,26
100447609,Truck (Regular Cab),Ford,F-150,2005,STX,27420,3,20,211.2,78.9,75.6,126,,,6385,1740,40.9,65.4,41.3,66.5,,,,,26
100447623,Truck (Regular Cab),Ford,F-150,2005,XLT,28855,3,20,211.2,78.9,75.6,126,,,6385,1740,40.9,65.4,41.3,66.5,,,,,26
100447624,Truck (Regular Cab),Ford,F-150,2005,XLT,29710,3,20,211.2,78.9,75.6,126,,,6385,1740,40.9,65.4,41.3,66.5,,,,,26
100447625,Truck (Regular Cab),Ford,F-150,2005,XLT,29160,3,20,229.8,78.9,75.6,144.5,,,6535,1760,40.9,65.4,41.3,66.5,,,,,27
100447656,Truck (Regular Cab),Ford,F-150,2005,FX4,31960,3,21,211.2,78.9,75.6,126,,,6385,1740,40.9,65.4,41.3,66.5,,,,,26
100447657,Truck (Regular Cab),Ford,F-150,2005,FX4,31105,3,21,211.2,78.9,75.6,126,,,6385,1740,40.9,65.4,41.3,66.5,,,,,26
100447755,Truck (SuperCab),Ford,F-150,2005,XL,25510,6,21,248.4,78.9,73.4,163,,,7785,2640,40.9,66.5,41.3,66.8,39.6,,32.7,66.7,27
100447758,Truck (SuperCab),Ford,F-150,2005,XL,28360,6,20,229.8,78.9,75.6,144.5,,,6535,1530,40.9,66.5,41.3,66.8,39.6,,32.7,66.7,27
100447759,Truck (SuperCab),Ford,F-150,2005,XL,28665,6,21,248.4,78.9,75.4,163,,,7785,2290,40.9,66.5,41.3,66.8,39.6,,32.7,66.7,27
100447760,Truck (SuperCab),Ford,F-150,2005,XL,25210,6,22,229.8,78.9,75.6,144.5,,,6285,1580,40.9,66.5,41.3,66.8,39.6,,32.7,66.7,27
100447769,Truck (SuperCab),Ford,F-150,2005,STX,25560,6,22,217.8,78.9,76.5,132.5,,,6235,1620,40.9,65.8,41.3,66.8,39.6,,32.7,66.7,27
100447774,Truck (SuperCab),Ford,F-150,2005,STX,25865,6,22,229.8,78.9,75.6,144.5,,,6285,1580,40.9,66.5,41.3,66.8,39.6,,32.7,66.7,27
100447775,Truck (SuperCab),Ford,F-150,2005,STX,26720,6,22,229.8,78.9,73.3,144.5,,,6285,1580,40.9,66.5,41.3,66.8,39.6,,32.7,66.7,27
100447776,Truck (SuperCab),Ford,F-150,2005,STX,28715,6,20,217.8,78.9,73.5,132.5,,,6485,1570,40.9,66.5,41.3,66.8,39.6,,32.7,66.7,27
100447778,Truck (SuperCab),Ford,F-150,2005,STX,29020,6,20,229.8,78.9,75.6,144.5,,,6535,1530,40.9,66.5,41.3,66.8,39.6,,32.7,66.7,27
100447779,Truck (SuperCab),Ford,F-150,2005,STX,29875,6,20,229.8,78.9,75,144.5,,,6535,1530,40.9,66.5,41.3,66.8,39.6,,32.7,66.7,27
100447839,Truck (SuperCab),Ford,F-150,2005,XLT,28045,6,22,217.8,78.9,76.5,132.5,,,6235,1620,40.9,65.8,41.3,66.8,39.6,,32.7,66.7,27
100447840,Truck (SuperCab),Ford,F-150,2005,XLT,28350,6,22,229.8,78.9,75.6,144.5,8.3,,6285,1580,40.9,66.5,41.3,66.8,39.6,,32.7,66.7,27
100447841,Truck (SuperCab),Ford,F-150,2005,XLT,29205,6,22,229.8,78.9,73.5,144.5,,,6285,1580,40.9,66.5,41.3,66.8,39.6,,32.7,66.7,27
100447842,Truck (SuperCab),Ford,F-150,2005,XLT,28655,6,21,248.4,78.9,73.4,163,,,7785,2640,40.9,66.5,41.3,66.8,39.6,,32.7,66.7,27
100447843,Truck (SuperCab),Ford,F-150,2005,XLT,31080,6,20,217.8,78.9,73.5,132.5,,,6485,1570,40.9,66.5,41.3,66.8,39.6,,32.7,66.7,27
100447844,Truck (SuperCab),Ford,F-150,2005,XLT,31405,6,20,229.8,78.9,75.6,144.5,,,6535,1530,40.9,66.5,41.3,66.8,39.6,,32.7,66.7,27
100447846,Truck (SuperCab),Ford,F-150,2005,XLT,32235,6,20,229.8,78.9,75.6,144.5,,,6535,1530,40.9,66.5,41.3,66.8,39.6,,32.7,66.7,27
100447847,Truck (SuperCab),Ford,F-150,2005,XLT,31685,6,21,248.4,78.9,75.4,163,,,7785,2290,40.9,66.5,41.3,66.8,39.6,,32.7,66.7,27
100447848,Truck (SuperCab),Ford,F-150,2005,FX4,33325,6,21,217.8,78.9,73.5,132.5,,,6735,1640,40.9,66.5,41.3,66.8,39.6,,32.7,66.7,26
100447849,Truck (SuperCab),Ford,F-150,2005,FX4,33630,6,21,229.8,78.9,75.6,144.5,,,6385,1740,40.9,66.5,41.3,66.8,39.6,,32.7,66.7,26
100447850,Truck (SuperCab),Ford,F-150,2005,FX4,34485,6,21,229.8,78.9,75.6,144.5,,,6385,1740,40.9,66.5,41.3,66.8,39.6,,32.7,66.7,26
100447859,Truck (SuperCab),Ford,F-150,2005,Lariat,30745,6,21,217.8,78.9,76.5,132.5,,,6535,1740,40.9,65.8,41.3,66.8,39.6,,32.7,66.7,27
100447861,Truck (SuperCab),Ford,F-150,2005,Lariat,31050,6,21,229.8,78.9,75.6,144.5,,,6635,1820,40.9,66.5,41.3,66.8,39.6,,32.7,66.7,27
100447862,Truck (SuperCab),Ford,F-150,2005,Lariat,34080,6,21,217.8,78.9,73.5,132.5,,,6735,1640,40.9,66.5,41.3,66.8,39.6,,32.7,66.7,27
100447864,Truck (SuperCab),Ford,F-150,2005,Lariat,34385,6,21,229.8,78.9,75.6,144.5,,,6385,1740,40.9,66.5,41.3,66.8,39.6,,32.7,66.7,26
100447907,Truck (SuperCrew),Ford,F-150,2005,XLT,30375,6,22,224,78.9,73.5,138.5,,,6485,1570,40.1,63.1,41.3,65.8,39.6,,39,65.8,30
100447910,Truck (SuperCrew),Ford,F-150,2005,XLT,33560,6,20,224,78.9,76,138.5,,,6485,1360,40.1,63.1,41.3,65.8,39.6,,39,65.8,30
100447911,Truck (SuperCrew),Ford,F-150,2005,FX4,35655,6,21,224,78.9,76,138.5,,,6785,1560,40.1,63.1,41.3,65.8,39.6,,39,65.8,30
100447912,Truck (SuperCrew),Ford,F-150,2005,Lariat,33440,6,21,224,78.9,73.5,138.5,,,6635,1710,40.1,63.1,41.3,65.8,39.6,,39,65.8,30
100447913,Truck (SuperCrew),Ford,F-150,2005,Lariat,36940,6,21,224,78.9,76,138.5,,,6785,1560,40.1,63.1,41.3,65.8,39.6,,39,65.8,30
100498007,Truck (SuperCrew),Ford,F-150,2005,King Ranch,36590,6,21,224,78.9,73.5,138.5,,,6635,1710,40.1,63.1,41.3,65.8,39.6,,39,65.8,30
100498008,Truck (SuperCrew),Ford,F-150,2005,King Ranch,40090,6,21,224,78.9,76,138.5,,,6785,1560,40.1,63.1,41.3,65.8,39.6,,39,65.8,30
100946386,Coupe,BMW,3 Series,2008,335i,41200,4,2,181.1,70.2,54.1,108.7,,11.1,4248,,37.1,,41.8,55.3,36.1,,33.7,51.9,16.1
100946472,Sedan,BMW,3 Series,2008,328xi,34600,5,1,178.2,71.5,55.9,108.7,,12,4392,,38.5,,41.5,55.4,37.5,,34.6,55.1,16.1
100946473,Sedan,BMW,3 Series,2008,335i,39300,5,2,178.2,71.5,55.9,108.7,,12,4403,,38.5,,41.5,55.4,37.5,,34.6,55.1,16.1
100946476,Wagon,BMW,3 Series,2008,328xi,36400,5,1,178.2,71.5,55.8,108.7,,,4623,,38.5,,41.5,55.4,38,,34.6,55.1,16.1
101170629,Truck (Regular Cab),Ford,F-150,2010,XL,22060,3,15,213.1,78.9,74.6,126,8.6,,6035,1690,41,60.5,41.4,66.6,,,,,26
101170630,Truck (Regular Cab),Ford,F-150,2010,XL,22360,3,15,231.7,78.9,76.2,144.5,9.9,,6335,1890,41,60.5,41.4,66.6,,,,,26
101170631,Truck (Regular Cab),Ford,F-150,2010,XL,26430,3,16,213.1,78.9,76,126,8.8,,6235,1660,41,60.5,41.4,66.6,,,,,26
101170632,Truck (Regular Cab),Ford,F-150,2010,XL,26730,3,16,231.7,78.9,75.8,144.5,8.8,,6535,1840,41,60.5,41.4,66.6,,,,,36
101170633,Truck (Regular Cab),Ford,F-150,2010,STX,25085,3,15,213.1,78.9,74.6,126,8.6,,6035,1690,41,60.5,41.4,66.6,,,,,26
101170634,Truck (Regular Cab),Ford,F-150,2010,STX,28230,3,16,213.1,78.9,76,126,8.8,,6235,1660,41,60.5,41.4,66.6,,,,,26
101170635,Truck (Regular Cab),Ford,F-150,2010,XLT,26255,3,15,213.1,78.9,74.6,126,8.6,,6035,1690,41,60.5,41.4,66.6,,,,,26
101170636,Truck (Regular Cab),Ford,F-150,2010,XLT,26555,3,15,231.7,78.9,76.2,144.5,9.9,,6335,1890,41,60.5,41.4,66.6,,,,,26
101170637,Truck (Regular Cab),Ford,F-150,2010,XLT,29400,3,16,213.1,78.9,76,126,8.8,,6035,1660,41,60.5,41.4,66.6,,,,,26
101170638,Truck (Regular Cab),Ford,F-150,2010,XLT,29700,3,16,231.7,78.9,75.8,144.5,8.8,,6535,1840,41,60.5,41.4,66.6,,,,,36
101170948,Truck (SuperCab),Ford,F-150,2010,XL,25885,6,15,231.7,78.9,71.5,144.5,8.2,,6285,1610,41,60.5,41.4,66.6,39.7,66.6,33.4,66.8,26
101170949,Truck (SuperCab),Ford,F-150,2010,XL,26185,6,17,250.3,78.9,75.9,163.2,9.4,,7785,2650,41,60.5,41.4,66.6,39.7,66.6,33.4,66.8,26
101170950,Truck (SuperCab),Ford,F-150,2010,XL,29030,6,16,231.7,78.9,75.9,144.5,8.7,,6435,1440,41,60.5,41.4,66.6,39.7,66.6,33.4,66.8,36
101170951,Truck (SuperCab),Ford,F-150,2010,XL,29330,6,18,250.3,78.9,76.7,163.2,10,,7785,2340,41,60.5,41.4,66.6,39.7,66.6,33.4,66.8,36
101170962,Truck (SuperCab),Ford,F-150,2010,STX,27685,6,15,231.7,78.9,71.5,144.5,8.2,,6285,1610,41,60.5,41.4,66.6,39.7,66.6,33.4,66.8,26
101170963,Truck (SuperCab),Ford,F-150,2010,STX,30830,6,16,231.7,78.9,75.9,144.5,8.7,,6435,1440,41,60.5,41.4,66.6,39.7,66.6,33.4,66.8,36
101170964,Truck (SuperCab),Ford,F-150,2010,XLT,29795,6,19,231.7,78.9,71.5,144.5,8.2,,6385,1650,41,60.5,41.4,66.6,39.7,66.6,33.4,66.8,26
101170965,Truck (SuperCab),Ford,F-150,2010,XLT,30095,6,17,250.3,78.9,75.9,163.2,9.4,,7785,2650,41,60.5,41.4,66.6,39.7,66.6,33.4,66.8,26
101170967,Truck (SuperCab),Ford,F-150,2010,XLT,33240,6,18,250.3,78.9,76.7,163.2,10,,7785,2340,41,60.5,41.4,66.6,39.7,66.6,33.4,66.8,36
101170971,Truck (SuperCab),Ford,F-150,2010,FX2,31680,6,19,231.7,78.9,71.5,144.5,8.2,,6385,1650,41,60.5,41.4,66.6,39.7,66.6,33.4,66.8,26
101171202,Truck (SuperCab),Ford,F-150,2010,FX4,35890,5,18,231.7,78.9,75.9,144.5,8.7,,6785,1680,41,60.5,41.4,66.6,39.7,66.6,33.4,66.8,36
101171203,Truck (SuperCab),Ford,F-150,2010,Lariat,34005,6,17,231.7,78.9,71.5,144.5,8.2,,6585,1770,41,60.5,41.4,66.6,39.7,66.6,33.4,66.8,26
101171204,Truck (SuperCab),Ford,F-150,2010,Lariat,37150,6,18,231.7,78.9,75.9,144.5,8.7,,6785,1680,41,60.5,41.4,66.6,39.7,66.6,33.4,66.8,36
101171205,Truck (SuperCab),Ford,F-150,2010,SVT Raptor,38260,5,18,220.9,86.3,78.4,133,11.2,,6535,1020,41,60.5,41.4,65.9,39.7,65.4,33.4,65.7,26
101171206,Truck (SuperCrew),Ford,F-150,2010,XL,29295,6,15,231.7,78.9,74.3,144.5,7.8,,6385,1620,41,60.5,41.4,65.9,40.3,64.6,43.5,65.6,26
101171207,Truck (SuperCrew),Ford,F-150,2010,XL,29595,6,15,243.7,78.9,74.3,157,8.3,,6385,1490,41,60.5,41.4,66.6,40.3,64.6,43.5,65.6,26
101171210,Truck (SuperCrew),Ford,F-150,2010,XLT,32260,6,19,231.7,78.9,74.3,144.5,7.8,,6485,1690,41,60.5,41.4,65.9,40.3,64.6,43.5,65.6,26
101171211,Truck (SuperCrew),Ford,F-150,2010,XLT,32560,6,19,243.7,78.9,74.3,157,8.3,,6485,1560,41,60.5,41.4,65.9,40.3,64.6,43.5,65.6,26
101171214,Truck (SuperCrew),Ford,F-150,2010,FX2,34145,6,19,231.7,78.9,74.3,144.5,7.8,,6485,1690,41,60.5,41.4,65.9,40.3,64.6,43.5,65.6,26
101171215,Truck (SuperCrew),Ford,F-150,2010,FX2,34445,6,19,243.7,78.9,74.3,157,8.3,,6485,1560,41,60.5,41.4,65.9,40.3,64.6,43.5,65.6,26
101171216,Truck (SuperCrew),Ford,F-150,2010,FX4,38355,5,18,231.7,78.9,76.2,144.5,9,,6785,1560,41,60.5,41.4,65.9,40.3,64.6,43.5,65.6,36
101171217,Truck (SuperCrew),Ford,F-150,2010,FX4,38655,5,18,243.7,78.9,76.4,157,9.9,,6785,1500,41,60.5,41.4,65.9,40.3,64.6,43.5,65.6,36
101171218,Truck (SuperCrew),Ford,F-150,2010,Lariat,36470,6,17,231.7,78.9,74.3,144.5,7.8,,6685,1760,41,60.5,41.4,65.9,40.3,64.6,43.5,65.6,26
101171219,Truck (SuperCrew),Ford,F-150,2010,Lariat,36770,6,17,243.7,78.9,74.3,157,8.3,,6685,1690,41,60.5,41.4,65.9,40.3,64.6,43.5,65.6,26
101171220,Truck (SuperCrew),Ford,F-150,2010,Lariat,39615,6,18,231.7,78.9,76.2,144.5,9,,6785,1560,41,60.5,41.4,65.9,40.3,64.6,43.5,65.6,36
101171221,Truck (SuperCrew),Ford,F-150,2010,Lariat,39915,6,18,243.7,78.9,76.4,157,9.9,,6785,1500,41,60.5,41.4,65.9,40.3,64.6,43.5,65.6,36
101171222,Truck (SuperCrew),Ford,F-150,2010,King Ranch,41105,5,17,231.7,78.9,74.3,144.5,7.8,,6685,1760,41,60.5,41.4,65.9,40.3,64.6,43.5,65.6,26
101171223,Truck (SuperCrew),Ford,F-150,2010,King Ranch,41405,5,17,243.7,78.9,74.3,157,8.3,,6685,1690,41,60.5,41.4,65.9,40.3,64.6,43.5,65.6,26
101171224,Truck (SuperCrew),Ford,F-150,2010,King Ranch,44250,5,18,231.7,78.9,76.2,144.5,9,,6785,1560,41,60.5,41.4,65.9,40.3,64.6,43.5,65.6,36
101171225,Truck (SuperCrew),Ford,F-150,2010,King Ranch,44550,5,18,243.7,78.9,76.4,157,9.9,,6785,1500,41,60.5,41.4,65.9,40.3,64.6,43.5,65.6,36
101171226,Truck (SuperCrew),Ford,F-150,2010,Platinum,43125,5,17,231.7,78.9,74.3,144.5,7.8,,6685,1760,41,60.5,41.4,65.9,40.3,64.6,43.5,65.6,26
101171227,Truck (SuperCrew),Ford,F-150,2010,Platinum,43425,5,17,243.7,78.9,74.3,157,8.3,,6685,1690,41,60.5,41.4,65.9,40.3,64.6,43.5,65.6,26
101171228,Truck (SuperCrew),Ford,F-150,2010,Platinum,46270,5,18,231.7,78.9,76.2,144.5,9,,6785,1560,41,60.5,41.4,65.9,40.3,64.6,43.5,65.6,36
101171229,Truck (SuperCrew),Ford,F-150,2010,Platinum,46570,5,18,243.7,78.9,76.4,157,9.9,,6785,1500,41,60.5,41.4,65.9,40.3,64.6,43.5,65.6,36
101171232,Truck (SuperCrew),Ford,F-150,2010,Harley-Davidson,43595,5,17,231.7,78.9,74.3,144.5,7.8,,6435,1170,41,60.5,41.4,65.9,40.3,64.6,43.5,65.6,36
101171233,Truck (SuperCrew),Ford,F-150,2010,Harley-Davidson,46740,5,18,231.7,78.9,76.2,144.5,9,,6635,1150,41,60.5,41.4,65.9,40.3,64.6,43.5,65.6,36
101200930,Coupe,BMW,3 Series,2010,335i,42650,4,2,181.1,70.2,53.9,108.7,,11.1,4248,,36.4,,41.8,55.3,35.8,,33.7,51.9,16.1
101200940,Sedan,BMW,3 Series,2010,328i xDrive,35150,5,1,178.2,71.5,55.9,108.7,,12,4392,,,,41.5,55.4,,,34.6,55.1,16.1
101200941,Sedan,BMW,3 Series,2010,335i,40600,5,2,178.2,71.5,55.9,108.7,,12,4403,,38.5,,41.5,55.4,37.5,,34.6,55.1,16.1
101200945,Wagon,BMW,3 Series,2010,328i xDrive,37700,5,1,178.2,71.5,55.8,108.7,,,4623,,38.5,,41.5,55.4,38,,34.6,55.1,16.1
101363295,Hatchback,Toyota,Prius,2011,Five,28790,5,25,175.6,68.7,58.7,106.3,5.5,21.6,3814,,38.6,52.7,42.5,54.9,37.6,51.2,36,53.1,11.9
101411296,Wagon,BMW,3 Series,2012,328i xDrive,39500,5,1,178.6,71.5,55.8,108.7,,,4623,,38.5,,41.5,55.4,38,,34.6,55.1,16.1
101420746,Hatchback,Toyota,Prius,2012,Five,29805,5,25,176.4,68.7,58.7,106.3,5.3,21.6,3814,,38.6,52.7,42.5,54.9,37.6,51.2,36,53.1,11.9
401822513,Truck (Regular Cab),Ford,F-150,2020,XL,28745,3,8,209.3,79.9,75.5,122.4,8.8,,5851,1990,40.8,62.5,43.9,66.7,,,,,23
401822514,Truck (Regular Cab),Ford,F-150,2020,XL,29045,3,8,227.9,79.9,75.1,141.1,8.6,,6141,1920,40.8,62.5,43.9,66.7,,,,,23
401822516,Truck (Regular Cab),Ford,F-150,2020,XLT,35060,3,8,227.9,79.9,75.1,141.1,8.6,,6141,1920,40.8,62.5,43.9,66.7,,,,,23
401822517,Truck (Regular Cab),Ford,F-150,2020,XLT,38185,3,9,209.3,79.9,76.9,122.4,9.4,,5871,1740,40.8,62.5,43.9,66.7,,,,,23
401822519,Truck (Regular Cab),Ford,F-150,2020,XLT,34760,3,8,209.3,79.9,75.5,122.4,8.8,,5851,1990,40.8,62.5,43.9,66.7,,,,,23
401822520,Truck (Regular Cab),Ford,F-150,2020,XL,33390,3,9,209.3,79.9,76.9,122.4,9.4,,5871,1740,40.8,62.5,43.9,66.7,,,,,23
401822561,Truck (SuperCab),Ford,F-150,2020,XL,32830,6,8,231.9,79.9,75.5,145,8.7,,6051,1840,40.8,62.5,43.9,66.7,40.3,64.7,33.5,65.8,23
401822562,Truck (SuperCab),Ford,F-150,2020,XL,34135,6,7,250.5,79.9,75.5,163.7,8.7,,6251,1800,40.8,62.5,43.9,66.7,40.3,64.7,33.5,65.8,23
401822563,Truck (SuperCab),Ford,F-150,2020,Lariat,47925,6,10,250.5,79.9,77,163.7,9.3,,6585,2020,40.8,62.5,43.9,66.7,40.3,64.7,33.5,65.8,23
401822564,Truck (SuperCab),Ford,F-150,2020,Lariat,43550,6,7,250.5,79.9,75.5,163.7,8.7,,6251,1800,40.8,62.5,43.9,66.7,40.3,64.7,33.5,65.8,23
401822565,Truck (SuperCab),Ford,F-150,2020,XL,38515,6,10,250.5,79.9,77,163.7,9.3,,6585,2020,40.8,62.5,43.9,66.7,40.3,64.7,33.5,65.8,23
401822566,Truck (SuperCab),Ford,F-150,2020,XLT,41095,6,9,231.9,79.9,77.2,145,9.4,,6251,1780,40.8,62.5,43.9,66.7,40.3,64.7,33.5,65.8,23
401822567,Truck (SuperCab),Ford,F-150,2020,Lariat,43250,6,7,231.9,79.9,75.5,145,8.7,,6151,1860,40.8,62.5,43.9,66.7,40.3,64.7,33.5,65.8,23
401822569,Truck (SuperCab),Ford,F-150,2020,XLT,38975,6,7,250.5,79.9,75.5,163.7,8.7,,6251,1800,40.8,62.5,43.9,66.7,40.3,64.7,33.5,65.8,23
401822570,Truck (SuperCab),Ford,F-150,2020,XL,36260,6,9,231.9,79.9,77.2,145,9.4,,6251,1780,40.8,62.5,43.9,66.7,40.3,64.7,33.5,65.8,23
401822571,Truck (SuperCab),Ford,F-150,2020,XLT,43350,6,10,250.5,79.9,77,163.7,9.3,,6585,2020,40.8,62.5,43.9,66.7,40.3,64.7,33.5,65.8,23
401822572,Truck (SuperCab),Ford,F-150,2020,XLT,37670,6,8,231.9,79.9,75.5,145,8.7,,6051,1840,40.8,62.5,43.9,66.7,40.3,64.7,33.5,65.8,23
401822593,Truck (SuperCrew),Ford,F-150,2020,XL,35285,6,8,231.9,79.9,75.6,145,8.5,,6031,1700,40.8,62.5,43.9,66.7,40.4,64.7,43.6,65.9,26
401822594,Truck (SuperCrew),Ford,F-150,2020,XL,36590,6,7,243.7,79.9,75.7,156.8,8.4,,6251,1820,40.8,62.5,43.9,66.7,40.4,64.7,43.6,65.9,26
401822595,Truck (SuperCrew),Ford,F-150,2020,XL,41050,6,10,243.7,79.9,77.3,156.8,9.3,,6635,2080,40.8,62.5,43.9,66.7,40.4,64.7,43.6,65.9,26
401822596,Truck (SuperCrew),Ford,F-150,2020,Lariat,50285,6,10,243.7,79.9,77.3,156.8,9.3,,6635,2080,40.8,62.5,43.9,66.7,40.3,64.7,43.6,65.9,26
401822597,Truck (SuperCrew),Ford,F-150,2020,Lariat,45910,6,7,243.7,79.9,75.7,156.8,8.4,,6251,1820,40.8,62.5,43.9,66.7,40.3,64.7,43.6,65.9,26
401822598,Truck (SuperCrew),Ford,F-150,2020,XL,38795,6,9,231.9,79.9,77.2,145,9.4,,6251,1680,40.8,62.5,43.9,66.7,40.4,64.7,43.6,65.9,26
401822599,Truck (SuperCrew),Ford,F-150,2020,Lariat,45610,6,7,231.9,79.9,75.6,145,8.5,,6111,1710,40.8,62.5,43.9,66.7,40.3,64.7,43.6,65.9,26
401822600,Truck (SuperCrew),Ford,F-150,2020,XLT,43515,6,9,231.9,79.9,77.2,145,9.4,,6251,1680,40.8,62.5,43.9,66.7,40.3,64.7,43.6,65.9,26
401822601,Truck (SuperCrew),Ford,F-150,2020,XLT,41325,6,7,243.7,79.9,75.7,156.8,8.4,,6251,1820,40.8,62.5,43.9,66.7,43.6,64.7,43.6,65.9,26
401822603,Truck (SuperCrew),Ford,F-150,2020,XLT,45770,6,10,243.7,79.9,77.3,156.8,9.3,,6635,2080,40.8,62.5,43.9,66.7,40.3,64.7,43.6,65.9,26
401822604,Truck (SuperCrew),Ford,F-150,2020,XLT,40020,6,8,231.9,79.9,75.6,145,8.5,,6031,1700,40.8,62.5,43.9,66.7,40.3,64.7,43.6,65.9,26
401822605,Truck (SuperCrew),Ford,F-150,2020,King Ranch,56715,5,10,243.7,79.9,77.3,156.8,9.3,,6635,2080,40.8,62.5,43.9,66.7,40.4,64.7,43.6,65.9,26
401822609,Truck (SuperCrew),Ford,F-150,2020,Platinum,59245,5,10,243.7,79.9,77.3,156.8,9.3,,6635,2080,40.8,62.5,43.9,66.7,40.4,64.7,43.6,65.9,26
401822612,Truck (SuperCrew),Ford,F-150,2020,King Ranch,56415,5,10,231.9,79.9,77.2,145,9.4,,6585,2080,40.8,62.5,43.9,66.7,40.4,64.7,43.6,65.9,26
401822614,Truck (SuperCrew),Ford,F-150,2020,Platinum,58945,5,10,231.9,79.9,77.2,145,9.4,,6585,2080,40.8,62.5,43.9,66.7,40.4,64.7,43.6,65.9,26
401862152,Truck (Regular Cab),Ford,F-150,2022,XL,30870,3,4,209.1,79.9,75.6,122.8,8.7,,5761,1985,40.8,62.5,43.9,66.7,,,,,23
401919134,Truck (Regular Cab),Ford,F-150,2022,XL,36185,3,5,227.7,79.9,77,141.5,9.4,,6076,1960,40.8,62.5,43.9,66.7,,,,,23
401919135,Truck (Regular Cab),Ford,F-150,2022,XLT,38515,3,4,209.1,79.9,75.6,122.8,8.7,,5761,1985,40.8,62.5,43.9,66.7,,,,,23
401919136,Truck (Regular Cab),Ford,F-150,2022,XL,31170,3,4,227.7,79.9,75.2,141.5,8.3,,5851,1975,40.8,62.5,43.9,66.7,,,,,23
401919137,Truck (Regular Cab),Ford,F-150,2022,XLT,42610,3,5,227.7,79.9,77,141.5,9.4,,6076,1960,40.8,62.5,43.9,66.7,,,,,23
401919138,Truck (Regular Cab),Ford,F-150,2022,XL,35885,3,5,209.1,79.9,77,122.8,9.4,,5801,1775,40.8,62.5,43.9,66.7,,,,,23
401919139,Truck (Regular Cab),Ford,F-150,2022,XLT,38810,3,4,227.7,79.9,75.2,141.5,8.3,,5851,1975,40.8,62.5,43.9,66.7,,,,,23
401919140,Truck (Regular Cab),Ford,F-150,2022,XLT,42305,3,5,209.1,79.9,77,122.8,9.4,,5801,1775,40.8,62.5,43.9,66.7,,,,,23
401919141,Truck (SuperCab),Ford,F-150,2022,XL,39090,6,5,231.7,79.9,77.2,145.4,9.4,,6231,1880,40.8,62.5,43.9,66.7,40.3,62.6,33.5,66.1,23
401919142,Truck (SuperCab),Ford,F-150,2022,Lariat,48950,6,7,231.7,79.9,75.5,145.4,8.4,,6076,1885,40.8,62.5,43.9,66.7,40.3,62.6,33.5,66.1,23
401919143,Truck (SuperCab),Ford,F-150,2022,XLT,48375,6,6,250.3,79.9,77.1,164.1,8.7,,6735,2205,40.8,62.5,43.9,66.7,40.3,62.6,33.5,66.1,23
401919144,Truck (SuperCab),Ford,F-150,2022,XL,35290,6,4,231.7,79.9,75.5,145.4,8.4,,6001,1905,40.8,62.5,43.9,66.7,40.3,62.6,33.5,66.1,23
401919145,Truck (SuperCab),Ford,F-150,2022,Lariat,49245,6,7,250.3,79.9,75.6,164.1,8.2,,6251,1925,40.8,62.5,43.9,66.7,40.3,62.6,33.5,66.1,23
401919146,Truck (SuperCab),Ford,F-150,2022,XL,36685,6,7,250.3,79.9,75.6,164.1,8.2,,6251,1925,40.8,62.5,43.9,66.7,40.3,62.6,33.5,66.1,23
401919147,Truck (SuperCab),Ford,F-150,2022,XL,41905,6,6,250.3,79.9,77.1,164.1,8.7,,6735,2205,40.8,62.5,43.9,66.7,40.3,62.6,33.5,66.1,23
401919148,Truck (SuperCab),Ford,F-150,2022,XLT,41755,6,4,231.7,79.9,75.5,145.4,8.4,,6001,1905,40.8,62.5,43.9,66.7,40.3,62.6,33.5,66.1,23
401919150,Truck (SuperCab),Ford,F-150,2022,Lariat,54460,6,6,250.3,79.9,77.1,164.1,8.7,,6735,2205,40.8,62.5,43.9,66.7,40.3,62.6,33.5,66.1,23
401919151,Truck (SuperCab),Ford,F-150,2022,XLT,43155,6,7,250.3,79.9,75.6,164.1,8.2,,6251,1925,40.8,62.5,43.9,66.7,40.3,62.6,33.5,66.1,23
401919152,Truck (SuperCab),Ford,F-150,2022,XLT,45555,6,5,231.7,79.9,77.2,145.4,9.4,,6231,1880,40.8,62.5,43.9,66.7,40.3,62.6,33.5,66.1,23
401919153,Truck (SuperCrew),Ford,F-150,2022,XLT,47975,6,5,231.7,79.9,77.2,145.4,9.4,,6221,1765,40.8,62.5,43.9,66.7,40.4,62.6,43.6,66,26
401919155,Truck (SuperCrew),Ford,F-150,2022,King Ranch,63765,5,6,243.5,79.9,77.6,157.2,8.8,,6735,2135,40.8,62.5,43.9,66.7,40.4,62.6,43.6,66,26
401919156,Truck (SuperCrew),Ford,F-150,2022,XL,42800,6,5,231.7,79.9,77.2,145.4,9.4,,6221,1765,40.8,62.5,43.9,66.7,40.4,62.6,43.6,66,26
401919157,Truck (SuperCrew),Ford,F-150,2022,XLT,50800,6,6,243.5,79.9,77.6,157.2,8.8,,6735,2135,40.8,62.5,43.9,66.7,40.4,62.6,43.6,66,26
401919159,Truck (SuperCrew),Ford,F-150,2022,XL,38920,6,4,231.7,79.9,75.6,145.4,8.5,,6001,1785,40.8,62.5,43.9,66.7,40.4,62.6,43.6,66,26
401919160,Truck (SuperCrew),Ford,F-150,2022,XLT,45505,6,7,243.5,79.9,75.8,157.2,8.2,,6201,1830,40.8,62.5,43.9,66.7,40.4,62.6,43.6,66,26
401919161,Truck (SuperCrew),Ford,F-150,2022,Lariat,51565,6,7,243.5,79.9,75.8,157.2,8.2,,6201,1830,40.8,62.5,43.9,66.7,40.4,62.6,43.6,66,26
401919162,Truck (SuperCrew),Ford,F-150,2022,Lariat,56825,6,6,243.5,79.9,77.6,157.2,8.8,,6735,2135,40.8,62.5,43.9,66.7,40.4,62.6,43.6,66,26
401919163,Truck (SuperCrew),Ford,F-150,2022,XL,40315,6,7,243.5,79.9,75.8,157.2,8.2,,6201,1830,40.8,62.5,43.9,66.7,40.4,62.6,43.6,66,26
401919164,Truck (SuperCrew),Ford,F-150,2022,XL,45615,6,6,243.5,79.9,77.6,157.2,8.8,,6735,2135,40.8,62.5,43.9,66.7,40.4,62.6,43.6,66,26
401919166,Truck (SuperCrew),Ford,F-150,2022,XLT,44115,6,4,231.7,79.9,75.6,145.4,8.5,,6001,1785,40.8,62.5,43.9,66.7,40.4,62.6,43.6,66,26
401919167,Truck (SuperCrew),Ford,F-150,2022,Platinum,66245,5,6,231.7,79.9,77.2,145.4,9.4,,6635,2135,40.8,62.5,43.9,66.7,40.4,62.6,43.6,66,26
401919170,Truck (SuperCrew),Ford,F-150,2022,Platinum,66550,5,6,243.5,79.9,77.6,157.2,8.8,,6735,2135,40.8,62.5,43.9,66.7,40.4,62.6,43.6,66,26
401919171,Truck (SuperCrew),Ford,F-150,2022,Lariat,51315,6,7,231.7,79.9,75.6,145.4,8.5,,6151,1815,40.8,62.5,43.9,66.7,40.4,62.6,43.6,66,26
401919175,Truck (SuperCrew),Ford,F-150,2022,King Ranch,63470,5,6,231.7,79.9,77.2,145.4,9.4,,6635,2135,40.8,62.5,43.9,66.7,40.4,62.6,43.6,66,26